PODY,PODN,POFD,FAR,CSI
0.036364,0.99834,0.0016573,0.55556,0.034783
0.0,1.0,0.0,,0.0
