PODY,PODN,POFD,FAR,CSI
0.16364,0.97149,0.028505,0.82692,0.091837
0.0,1.0,0.0,,0.0
