PODY,PODN,POFD,FAR,CSI
0.55112,0.87491,0.12509,0.60676,0.29784
0.62972,0.90293,0.09707,0.51456,0.37764
