PODY,PODN,POFD,FAR,CSI
0.5985,0.87381,0.12619,0.58904,0.32215
0.72796,0.89597,0.10403,0.49564,0.42438
