PODY,PODN,POFD,FAR,CSI
0.42857,0.86179,0.13821,0.69231,0.21818
0.58127,0.88133,0.11867,0.60853,0.30535
