PODY,PODN,POFD,FAR,CSI
0.47704,0.86362,0.13638,0.66607,0.24444
0.67769,0.87337,0.12663,0.58725,0.34502
