PODY,PODN,POFD,FAR,CSI
0.64143,0.882,0.118,0.52318,0.37647
0.85714,0.90139,0.098607,0.44026,0.51198
