PODY,PODN,POFD,FAR,CSI
0.63697,0.88835,0.11165,0.51111,0.38235
0.87469,0.90176,0.09824,0.43436,0.52324
