PODY,PODN,POFD,FAR,CSI
0.31884,0.98862,0.011375,0.4359,0.25581
0.48148,0.99934,0.0006566,0.04878,0.46988
