PODY,PODN,POFD,FAR,CSI
0,0.99766,0.0023419,1.0,0
0,1.0,0.0,,0
