PODY,PODN,POFD,FAR,CSI
0.83089,0.82744,0.17256,0.39652,0.53747
0.94701,0.86607,0.13393,0.26316,0.70767
