PODY,PODN,POFD,FAR,CSI
0.81491,0.83207,0.16793,0.39466,0.53217
0.92334,0.87054,0.12946,0.2615,0.69584
