PODY,PODN,POFD,FAR,CSI
0.76429,0.78739,0.21261,0.49096,0.43997
0.83791,0.79382,0.20618,0.43174,0.51198
