PODY,PODN,POFD,FAR,CSI
0.77143,0.80593,0.19407,0.46588,0.46114
0.84837,0.80483,0.19517,0.41532,0.52936
