PODY,PODN,POFD,FAR,CSI
0.77291,0.76336,0.23664,0.50088,0.43529
0.89005,0.76936,0.23064,0.4449,0.51948
