PODY,PODN,POFD,FAR,CSI
0.77428,0.76669,0.23331,0.49689,0.43876
0.89791,0.76978,0.23022,0.44228,0.52446
