PODY,PODN,POFD,FAR,CSI
0.087209,0.99831,0.001692,0.25,0.084746
0.0,1.0,0.0,,0.0
