PODY,PODN,POFD,FAR,CSI
0.44186,0.98308,0.01692,0.39683,0.34234
0.61935,0.99192,0.0080754,0.2,0.53631
