estatística,valor
mean,27.20098114013672
std,7.183943748474121
min,4.579727649688721
max,64.8057632446289
q25,22.908288955688477
q50,26.890738487243652
q75,31.47372579574585
p05,15.807216596603393
p95,38.57588863372803
p99,48.664080162048315
